<?xml version="1.0" encoding="UTF-8"?>
<project-private xmlns="http://www.netbeans.org/ns/project-private/1">
    <editor-bookmarks xmlns="http://www.netbeans.org/ns/editor-bookmarks/2" lastBookmarkId="0"/>
    <open-files xmlns="http://www.netbeans.org/ns/projectui-open-files/2">
        <group>
            <file>file:/C:/Users/vbrod/Documents/session%203/prog3/TP/TP2/TP2/NouveauProjetMVC/src/ca/qc/bdeb/prog3/tp2a18/vue/Jeu.java</file>
            <file>file:/C:/Users/vbrod/Documents/session%203/prog3/TP/TP2/TP2/NouveauProjetMVC/src/ca/qc/bdeb/prog3/tp2a18/Main.java</file>
            <file>file:/C:/Users/vbrod/Documents/session%203/prog3/TP/TP2/TP2/NouveauProjetMVC/src/ca/qc/bdeb/prog3/tp2a18/controleur/Controleur.java</file>
            <file>file:/C:/Users/vbrod/Documents/session%203/prog3/TP/TP2/TP2/NouveauProjetMVC/src/ca/qc/bdeb/prog3/tp2a18/vue/Bougeable.java</file>
            <file>file:/C:/Users/vbrod/Documents/session%203/prog3/TP/TP2/TP2/NouveauProjetMVC/src/ca/qc/bdeb/prog3/tp2a18/modele/Modele.java</file>
            <file>file:/C:/Users/vbrod/Documents/session%203/prog3/TP/TP2/TP2/NouveauProjetMVC/src/ca/qc/bdeb/prog3/tp2a18/vue/Entite.java</file>
        </group>
    </open-files>
</project-private>
